PatCAS,Cluster,TotCst
01,10,10
01,10,30
01,11,100
01,11,100
01,11,100
01,,100
02,,300
03,,10.00005
03,,90.00001